Price,Total_Area_m^2,Built_Area_m^2,Bedrooms,Bathrooms,Parking,Neighborhood
5650000.0,314.0,286.0,4.0,5.0,2.0,JURIQUILLA
1595000.0,69.0,0.0,3.0,1.0,1.0,CIUDAD DEL SOL
11190000.0,370.0,0.0,4.0,4.0,3.0,ALTOZANO
790000.0,195.0,150.0,3.0,3.0,2.0,LA JOYA
849000.0,400.0,400.0,5.0,4.0,4.0,JURIQUILLA
849000.0,330.0,330.0,4.0,3.0,2.0,SANTA ROSA DE JAUREGUI
749000.0,310.0,310.0,4.0,3.0,2.0,JURIQUILLA
849000.0,560.0,560.0,4.0,3.0,3.0,VILLAS DEL MESON
849000.0,130.0,130.0,3.0,2.0,2.0,MILENIO III
849000.0,350.0,350.0,4.0,4.0,3.0,JURIQUILLA
607929.0,130.0,100.0,3.0,3.0,2.0,CUESTA BONITA
3350000.0,168.0,128.0,4.0,4.0,2.0,VALLE DE JURIQUILLA
8725000.0,323.0,272.0,4.0,5.0,3.0,FRAY JUNIPERO SERRA
10790000.0,390.0,300.0,3.0,5.0,3.0,LA VISTA RESIDENCIAL
7000000.0,300.0,300.0,3.0,5.0,3.0,LA VISTA RESIDENCIAL
10500000.0,334.0,251.0,4.0,5.0,3.0,JURIQUILLA
11450000.0,361.0,361.0,3.0,5.0,3.0,FRAY JUNIPERO SERRA
1849000.0,112.0,112.0,3.0,2.0,2.0,CIUDAD DEL SOL
4100000.0,211.0,161.0,3.0,2.0,2.0,JURIQUILLA
4945000.0,255.0,162.0,3.0,5.0,2.0,SANTA FE
4850000.0,255.0,160.0,4.0,4.0,2.0,REAL DE JURIQUILLA (PAISANO)
6435000.0,263.0,206.0,4.0,4.0,3.0,CIMATARIO
4500000.0,304.0,302.0,4.0,3.0,3.0,PASEOS DEL PEDREGAL
6500000.0,320.0,280.0,3.0,4.0,4.0,JURIQUILLA
11190000.0,370.0,300.0,3.0,5.0,3.0,LOMAS DE JURIQUILLA
5980000.0,286.0,250.0,3.0,4.0,3.0,LA VISTA RESIDENCIAL
6000000.0,264.0,250.0,4.0,4.0,3.0,JURIQUILLA
12390000.0,405.0,310.0,3.0,5.0,3.0,PASEOS DEL PEDREGAL
10500000.0,512.0,366.0,3.0,3.0,3.0,EL CAMPANARIO
7040000.0,270.0,200.0,3.0,3.0,2.0,PASEOS DEL PEDREGAL
11200000.0,350.0,300.0,4.0,5.0,3.0,EL CAMPANARIO
7399000.0,272.0,200.0,3.0,4.0,3.0,CUMBRES DEL LAGO
4250000.0,177.0,122.0,3.0,3.0,2.0,EL REFUGIO
10500000.0,505.0,300.0,3.0,4.0,3.0,EL REFUGIO
4250000.0,193.0,146.0,3.0,3.0,2.0,EL CAMPANARIO
4990000.0,200.0,164.0,3.0,3.0,2.0,MILENIO III
19000000.0,723.0,652.0,5.0,6.0,8.0,MILENIO III
5150000.0,213.0,200.0,3.0,3.0,3.0,PASEOS DEL PEDREGAL
4750000.0,212.0,162.0,3.0,4.0,2.0,EL CAMPANARIO
7050000.0,275.0,211.0,3.0,2.0,3.0,NUEVO JURIQUILLA
8162000.0,274.0,235.0,3.0,5.0,3.0,EL REFUGIO
3150000.0,160.0,144.0,3.0,2.0,2.0,PASEOS DEL PEDREGAL
5895000.0,221.0,174.0,4.0,5.0,3.0,SATELITE
6750000.0,223.0,180.0,3.0,4.0,2.0,ANAHUAC
5895000.0,221.0,174.0,4.0,4.0,3.0,EL REFUGIO
2350000.0,217.0,165.0,5.0,3.0,1.0,EL REFUGIO
2577320.0,120.0,120.0,3.0,2.0,2.0,PASEOS DEL PEDREGAL
3643000.0,182.0,135.0,3.0,3.0,2.0,EL CAMPANARIO
3900000.0,274.0,170.0,4.0,3.0,2.0,EL MARQUES
5950000.0,223.0,184.0,3.0,5.0,2.0,PASEOS DEL PEDREGAL
3300000.0,117.0,108.0,4.0,3.0,2.0,JURIQUILLA
2835000.0,138.0,128.0,3.0,2.0,2.0,EL REFUGIO
2900000.0,198.0,128.0,3.0,4.0,2.0,JURIQUILLA
2590000.0,128.0,120.0,3.0,2.0,2.0,EL CAMPANARIO
18000000.0,800.0,634.0,4.0,4.0,6.0,LA VISTA RESIDENCIAL
8200000.0,300.0,293.0,3.0,3.0,3.0,EL MARQUES QUERETANO
3300000.0,108.0,106.0,3.0,2.0,2.0,JURIQUILLA
3500000.0,250.0,166.0,4.0,4.0,3.0,PASEOS DEL PEDREGAL
5899000.0,276.0,200.0,4.0,4.0,3.0,PASEOS DEL PEDREGAL
7977000.0,273.0,250.0,4.0,6.0,3.0,JURIQUILLA
3550000.0,191.0,170.0,3.0,2.0,2.0,VILLAS DEL CIMATARIO
2650000.0,180.0,90.0,3.0,3.0,2.0,VALLE DE JURIQUILLA
4300000.0,300.0,245.0,3.0,3.0,3.0,EL MARQUES
3300000.0,190.0,155.0,3.0,3.0,2.0,JURIQUILLA
3300000.0,165.0,149.0,3.0,2.0,2.0,JURIQUILLA
6600000.0,320.0,250.0,3.0,4.0,3.0,EL CAMPANARIO
4150000.0,174.0,120.0,3.0,2.0,2.0,CENTRO SUR
3280000.0,180.0,124.0,3.0,2.0,2.0,ALAMOS 2
9500000.0,425.0,300.0,4.0,5.0,3.0,ALAMOS 3
6750000.0,358.0,332.0,3.0,3.0,3.0,CIMATARIO
7600000.0,441.0,301.0,4.0,4.0,3.0,CIMATARIO
7950000.0,360.0,360.0,3.0,3.0,3.0,FRAY JUNIPERO SERRA
6750000.0,228.0,180.0,3.0,4.0,2.0,JURIQUILLA
2750000.0,144.0,124.0,3.0,2.0,2.0,EL REFUGIO
4790000.0,272.0,160.0,4.0,4.0,3.0,EL REFUGIO
5390000.0,272.0,160.0,4.0,4.0,3.0,EL CAMPANARIO
3300000.0,284.0,275.0,4.0,4.0,3.0,JURIQUILLA
3300000.0,170.0,132.0,3.0,4.0,2.0,JURIQUILLA
3400000.0,178.0,170.0,3.0,2.0,2.0,JURIQUILLA
3500000.0,245.0,160.0,4.0,4.0,2.0,JURIQUILLA
4300000.0,235.0,213.0,3.0,3.0,2.0,JURIQUILLA
6190000.0,250.0,250.0,4.0,5.0,2.0,REAL DE JURIQUILLA
5550000.0,296.0,250.0,4.0,6.0,2.0,EL REFUGIO
4950000.0,300.0,240.0,3.0,5.0,3.0,JURIQUILLA
3351753.0,116.0,106.0,3.0,2.0,2.0,JURIQUILLA
4500000.0,189.0,178.0,4.0,4.0,3.0,REAL DE JURIQUILLA
2800000.0,159.0,130.0,3.0,2.0,2.0,JURIQUILLA
3300000.0,189.0,174.0,3.0,2.0,2.0,SAN PABLO
5890000.0,300.0,265.0,4.0,4.0,3.0,SANTA FE
3300000.0,260.0,104.0,1.0,2.0,2.0,JURIQUILLA
3780000.0,200.0,115.0,2.0,3.0,3.0,CENTRO
749000.0,449.0,449.0,4.0,3.0,3.0,JURIQUILLA
2800000.0,147.0,91.0,3.0,2.0,2.0,EL REFUGIO
3300000.0,142.0,126.0,3.0,2.0,3.0,EL MARQUES
4900000.0,198.0,191.0,4.0,2.0,3.0,JURIQUILLA
3300000.0,200.0,165.0,4.0,4.0,3.0,JURIQUILLA
4200000.0,188.0,165.0,4.0,4.0,3.0,EL REFUGIO
3800000.0,231.0,193.0,3.0,2.0,2.0,EL MIRADOR
3300000.0,240.0,160.0,4.0,4.0,2.0,JURIQUILLA
3300000.0,145.0,121.0,3.0,2.0,2.0,JURIQUILLA
3750000.0,223.0,123.0,3.0,2.0,2.0,EL REFUGIO
3690000.0,166.0,128.0,3.0,2.0,2.0,EL REFUGIO
2385000.0,163.0,107.0,3.0,2.0,2.0,SONTERRA
3300000.0,108.0,92.0,3.0,2.0,2.0,EL MARQUES QUERETANO
3300000.0,128.0,118.0,3.0,2.0,2.0,JURIQUILLA
1413200.0,320.0,250.0,4.0,3.0,2.0,CUMBRES DEL LAGO
26500000.0,725.0,564.0,4.0,5.0,7.0,EL CAMPANARIO
7750000.0,250.0,183.0,3.0,4.0,2.0,LA VISTA RESIDENCIAL
21800000.0,556.0,522.0,4.0,5.0,4.0,PASEOS DEL PEDREGAL
12600000.0,372.0,303.0,3.0,3.0,3.0,PASEOS DEL PEDREGAL
4950000.0,215.0,180.0,3.0,3.0,2.0,LA VISTA RESIDENCIAL
5772000.0,248.0,225.0,4.0,4.0,3.0,JURIQUILLA
11790000.0,343.0,264.0,4.0,5.0,3.0,PASEOS DEL PEDREGAL
9300000.0,374.0,246.0,4.0,6.0,3.0,LA VISTA RESIDENCIAL
3850000.0,188.0,160.0,4.0,2.0,3.0,CALESA 2A SECCION
4750000.0,182.0,0.0,3.0,3.0,2.0,LOS ROBLES
17950000.0,900.0,538.0,4.0,5.0,2.0,ALAMOS 1
4975000.0,264.0,239.0,3.0,3.0,2.0,JURIQUILLA
7800000.0,480.0,0.0,4.0,4.0,6.0,JURIQUILLA
21800000.0,556.0,0.0,4.0,4.0,4.0,ALTOZANO
12390000.0,405.0,0.0,4.0,4.0,3.0,LA VISTA RESIDENCIAL
11790000.0,343.0,0.0,4.0,4.0,3.0,ALTOZANO
3000000.0,185.0,134.0,3.0,2.0,2.0,FRAY JUNIPERO SERRA
4900000.0,189.0,0.0,4.0,3.0,2.0,LOS ROBLES
5550000.0,323.0,312.0,3.0,4.0,0.0,CUMBRES DEL LAGO
5900000.0,297.0,200.0,3.0,2.0,3.0,CORREGIDORA
22000000.0,751.0,751.0,5.0,4.0,7.0,CENTRO
3400000.0,240.0,187.0,3.0,3.0,2.0,CUESTA BONITA
5650000.0,317.0,285.0,4.0,4.0,3.0,LA CONDESA
3300000.0,178.0,178.0,3.0,2.0,2.0,EL REFUGIO
3300000.0,240.0,130.0,4.0,4.0,2.0,CARRETAS
4999999.0,330.0,300.0,3.0,4.0,3.0,CUMBRES DEL LAGO
974000.0,102.0,102.0,3.0,2.0,2.0,EL GARAMBULLO
974001.0,102.0,102.0,3.0,2.0,2.0,VALLE DE SANTIAGO
849000.0,360.0,360.0,4.0,4.0,3.0,JURIQUILLA
849000.0,340.0,340.0,4.0,4.0,4.0,JURIQUILLA
849000.0,360.0,360.0,3.0,2.0,2.0,JURIQUILLA
849000.0,300.0,300.0,4.0,3.0,3.0,VILLAS DEL MESON
3300000.0,147.0,144.0,3.0,2.0,2.0,JURIQUILLA
16150000.0,479.0,403.0,4.0,5.0,3.0,PASEOS DEL PEDREGAL
11790000.0,343.0,264.0,4.0,4.0,3.0,JURIQUILLA
3000000.0,147.0,126.0,3.0,2.0,0.0,ALTOZANO
10120000.0,370.0,300.0,3.0,4.0,3.0,PASEOS DEL PEDREGAL
13750000.0,465.0,425.0,4.0,3.0,3.0,FRAY JUNIPERO SERRA
8750000.0,323.0,277.0,4.0,5.0,4.0,JURIQUILLA
849000.0,340.0,340.0,4.0,4.0,2.0,CIUDAD DEL SOL
1350000.0,75.0,75.0,3.0,2.0,2.0,JURIQUILLA
749000.0,317.0,317.0,4.0,3.0,2.0,JURIQUILLA
1350000.0,317.0,300.0,3.0,1.0,2.0,CIUDAD DEL SOL
1350000.0,75.0,75.0,3.0,2.0,1.0,EL MIRADOR
1900000.0,123.0,123.0,3.0,1.0,1.0,SAN JOSE EL ALTO
930000.0,117.0,117.0,3.0,1.0,1.0,PASEOS DEL PEDREGAL
5970000.0,220.0,180.0,4.0,4.0,2.0,MILENIO III
4400000.0,274.0,198.0,5.0,4.0,2.0,EL REFUGIO
2700000.0,127.0,113.0,3.0,2.0,2.0,MILENIO III
4500000.0,232.0,192.0,2.0,3.0,2.0,PASEOS DEL PEDREGAL
11790000.0,343.0,264.0,4.0,4.0,3.0,FRAY JUNIPERO SERRA
6750000.0,235.0,185.0,3.0,4.0,2.0,EL MIRADOR
3850000.0,174.0,128.0,4.0,3.0,2.0,EL MARQUES
3300000.0,121.0,113.0,3.0,2.0,2.0,GALINDAS RESIDENCIAL
3800000.0,181.0,160.0,4.0,3.0,2.0,CIUDAD DEL SOL
1350000.0,125.0,75.0,3.0,2.0,1.0,EL MIRADOR
1370000.0,123.0,123.0,3.0,1.0,2.0,LAS FUENTES
1300000.0,56.0,28.0,2.0,1.0,1.0,MILENIO III
1520000.0,75.8,75.8,2.0,2.0,1.0,LOMAS DE JURIQUILLA
3300000.0,410.0,250.0,4.0,5.0,3.0,VALLE DE JURIQUILLA
4490000.0,225.0,160.0,3.0,3.0,2.0,JURICA
3750000.0,170.0,163.0,3.0,2.0,2.0,SANTA FE
4300000.0,294.0,294.0,3.0,3.0,3.0,EL REFUGIO
3190000.0,254.0,148.0,3.0,2.0,2.0,MILENIO III
530000.0,310.0,230.0,4.0,2.0,2.0,JURIQUILLA
640000.0,400.0,400.0,6.0,4.0,3.0,JURICA
705000.0,440.0,350.0,4.0,3.0,2.0,SAN ISIDRO
2490000.0,128.05,118.0,3.0,2.0,2.0,EL CAMPANARIO
4660000.0,278.88,230.3,3.0,3.0,2.0,REAL DE JURIQUILLA (DIAMANTE)
5000000.0,276.69,240.07,3.0,2.0,2.0,LA VISTA RESIDENCIAL
4680000.0,239.0,200.0,3.0,2.0,2.0,BALCONES DEL ACUEDUCTO
5400000.0,250.13,234.22,3.0,2.0,2.0,EL REFUGIO
6350000.0,310.0,254.96,3.0,2.0,2.0,EL REFUGIO
750000.0,200.0,200.0,200.0,3.0,4.0,COLINAS DEL CIMATARIO
699000.0,230.0,230.0,4.0,2.0,2.0,SANTIAGO
650000.0,500.0,500.0,5.0,4.0,4.0,VILLAS DEL MESON
890000.0,450.0,400.0,4.0,2.0,2.0,JURIQUILLA
708500.0,150.0,150.0,4.0,3.0,2.0,LA CAMPANA
750000.0,375.0,375.0,5.0,4.0,2.0,JURIQUILLA
782000.0,380.0,350.0,4.0,4.0,3.0,JURIQUILLA
700000.0,220.0,217.0,3.0,3.0,2.0,COLINAS DEL CIMATARIO
699000.0,230.0,230.0,4.0,2.0,3.0,REAL DE JURIQUILLA
3350000.0,300.0,170.0,3.0,2.0,2.0,CALESA
510000.0,200.0,175.0,4.0,2.0,2.0,LA CAMPANA
750000.0,375.0,375.0,5.0,3.0,4.0,JURIQUILLA
2750000.0,112.0,108.0,3.0,3.0,2.0,CLAUSTROS DE LA CATEDRAL
6100000.0,254.0,0.0,3.0,5.0,2.0,EL CAMPANARIO
25000000.0,839.0,635.0,4.0,4.0,8.0,PASEOS DEL PEDREGAL
21800000.0,556.0,525.0,4.0,5.0,4.0,CIMATARIO
2100000.0,118.73,108.07,3.0,2.0,2.0,SAN PEDRITO EL ALTO
6700000.0,250.0,180.0,3.0,3.0,2.0,RANCHO LARGO
795000.0,450.0,310.0,4.0,3.0,4.0,JURIQUILLA
13990000.0,460.0,280.0,3.0,5.0,3.0,ALAMOS 3
4990000.0,250.0,240.0,3.0,2.0,3.0,REAL DE JURIQUILLA (DIAMANTE)
2810000.0,145.77,132.0,3.0,2.0,2.0,SAN ISIDRO
5790000.0,203.0,183.0,3.0,3.0,2.0,EL REFUGIO
2340000.0,126.0,0.0,3.0,2.0,2.0,JURIQUILLA
7248750.0,325.0,203.47,3.0,5.0,2.0,REAL DE JURIQUILLA (DIAMANTE)
2840000.0,133.0,128.0,3.0,2.0,2.0,JURIQUILLA
3606000.0,134.0,123.0,3.0,2.0,2.0,EL CAMPANARIO
367500.0,80.0,50.0,2.0,1.0,1.0,ANGELES
1600000.0,90.0,90.0,3.0,2.0,2.0,JURICA
1630000.0,192.0,144.0,3.0,3.0,2.0,CENTRO
5400000.0,310.0,260.0,3.0,3.0,2.0,PALMARES
8000000.0,237.0,170.0,2.0,2.0,0.0,EX-HACIENDA EL TINTERO
750000.0,195.0,195.0,3.0,2.0,1.0,RANCHO BELLAVISTA
550000.0,126.0,119.0,3.0,2.0,1.0,REAL DEL MARQUES RESIDENCIAL
610000.0,98.0,67.0,2.0,1.0,1.0,LA AURORA
3300000.0,102.0,90.0,3.0,2.0,2.0,CENTRO
1220000.0,180.0,110.0,3.0,1.0,2.0,CENTRO
2750000.0,114.0,114.0,3.0,2.0,2.0,EL REFUGIO
7350000.0,329.0,278.0,4.0,5.0,3.0,LOMAS DE JURIQUILLA
2850000.0,122.0,108.0,3.0,2.0,2.0,CENTRO
7800000.0,310.0,165.0,4.0,5.0,3.0,FUNDADORES
351000.0,280.0,123.0,5.0,3.0,1.0,VILLAS DEL MESON
749000.0,523.0,523.0,4.0,3.0,4.0,HIDALGO
357000.0,100.0,100.0,3.0,1.0,1.0,JURICA
6800000.0,724.0,516.0,6.0,5.0,3.0,CENTRO
12650000.0,354.0,330.0,4.0,3.0,0.0,JURICA
3300000.0,310.0,260.0,3.0,3.0,4.0,JURIQUILLA PRIVADA
5700000.0,354.0,321.0,4.0,4.0,2.0,SAN FRANCISCO JURIQUILLA
960000.0,476.0,215.0,3.0,2.0,4.0,LAS HADAS
3600000.0,195.0,182.0,3.0,3.0,2.0,MISION DE SAN JERONIMO
8390000.0,256.0,247.0,3.0,2.0,3.0,PASEOS DEL PEDREGAL
883300.0,450.0,316.0,3.0,3.0,2.0,MERCURIO
860000.0,100.0,100.0,3.0,2.0,2.0,COLINAS DEL CIMATARIO
1340000.0,185.0,160.0,3.0,3.0,2.0,VISTA HERMOSA
5995900.0,388.0,288.0,3.0,3.0,2.0,LA JOYA
1250000.0,486.0,326.0,4.0,4.0,2.0,EX-HACIENDA EL TINTERO
1105000.0,126.0,120.0,3.0,1.0,1.0,ANGELES
900000.0,320.0,250.0,4.0,3.0,2.0,PASEOS DEL PEDREGAL
3400000.0,120.0,120.0,3.0,2.0,2.0,LA CAMPANA
5000000.0,190.0,0.0,3.0,2.0,2.0,LA LUNA
949000.0,205.0,180.0,3.0,2.0,2.0,EL TINTERO
761993.0,550.0,550.0,5.0,4.0,4.0,CIUDAD DEL SOL
1110900.0,190.0,130.0,3.0,2.0,1.0,COLINAS DEL CIMATARIO
980900.0,126.0,120.0,3.0,1.0,1.0,LOS ROBLES
730000.0,132.0,74.0,3.0,1.0,1.0,PASEOS DEL PEDREGAL
3300000.0,395.0,395.0,4.0,4.0,3.0,JURIQUILLA
849000.0,100.0,100.0,3.0,2.0,2.0,MILENIO III
640000.0,342.0,342.0,4.0,3.0,2.0,SONTERRA
1415004.0,127.0,127.0,4.0,2.0,2.0,VILLAS DE SANTIAGO
2835000.0,260.0,200.0,4.0,3.0,2.0,EL CAMPANARIO
350000.0,157.0,152.0,2.0,2.0,2.0,HIDALGO
870000.0,160.0,90.0,3.0,2.0,2.0,EL REFUGIO
351000.0,120.0,90.0,3.0,2.0,1.0,JURICA
4350000.0,100.0,100.0,3.0,2.0,2.0,CIMATARIO
22550000.0,200.0,180.0,4.0,3.0,3.0,CUESTA AZUL
3300000.0,177.0,144.0,3.0,2.0,3.0,EL REFUGIO
2700000.0,210.0,135.0,3.0,2.0,2.0,CUMBRES DEL LAGO
9600000.0,357.0,270.0,4.0,4.0,2.0,LOMAS DE JURIQUILLA
7950000.0,431.0,251.0,5.0,5.0,3.0,CIMATARIO
6250000.0,435.0,300.0,3.0,4.0,3.0,MILENIO III
8500000.0,730.0,385.0,4.0,5.0,4.0,LOMAS DE JURIQUILLA
5200000.0,300.0,250.0,4.0,4.0,3.0,PASEOS DEL PEDREGAL
16150000.0,450.0,1.0,3.0,3.0,3.0,CUESTA BONITA
607929.0,130.0,100.0,3.0,3.0,2.0,MILENIO III
3780000.0,251.0,166.0,4.0,5.0,3.0,EL REFUGIO
3300000.0,178.0,140.0,4.0,3.0,2.0,SONTERRA
2490000.0,128.0,124.0,3.0,2.0,2.0,MILENIO III
2420000.0,127.0,111.0,3.0,3.0,2.0,RESIDENCIAL PARQUE LA GLORIA
3400000.0,223.0,203.0,3.0,2.0,3.0,MILENIO III
3300000.0,151.0,104.0,3.0,3.0,2.0,JURIQUILLA
3980000.0,235.0,189.0,5.0,4.0,3.0,CUMBRES DEL LAGO
2160500.0,109.0,90.0,3.0,2.0,2.0,JURICA
6297000.0,250.0,150.0,3.0,3.0,2.0,CENTRO
5900000.0,297.0,200.0,3.0,2.0,6.0,JURIQUILLA
5500000.0,294.0,180.0,3.0,4.0,2.0,JURIQUILLA
13600000.0,350.0,315.0,3.0,3.0,3.0,JURIQUILLA
2490000.0,178.0,128.0,3.0,3.0,2.0,EL MARQUES QUERETANO
2850000.0,160.0,94.0,2.0,2.0,3.0,JURICA
2850000.0,160.0,95.0,2.0,2.0,3.0,EL REFUGIO
3300000.0,130.0,120.0,3.0,2.0,2.0,ALAMOS 2
4480000.0,206.0,205.0,3.0,3.0,3.0,SONTERRA
2850000.0,142.0,141.0,3.0,2.0,2.0,SONTERRA
5600000.0,313.0,250.0,3.0,3.0,2.0,JURIQUILLA
1990000.0,150.0,110.0,3.0,2.0,2.0,SONTERRA
2830000.0,145.0,112.0,3.0,2.0,2.0,CIUDAD DEL SOL
3300000.0,170.0,95.0,2.0,2.0,2.0,SANTIAGO
2250000.0,174.0,120.0,3.0,2.0,1.0,VALLE DE JURIQUILLA
1540000.0,116.0,116.0,3.0,3.0,1.0,SANTA FE
351000.0,80.0,65.0,1.0,1.0,1.0,PASEOS DEL PEDREGAL
4350000.0,205.0,180.0,3.0,2.0,3.0,JURIQUILLA
2890000.0,182.0,178.0,3.0,2.0,1.0,CENTRO
2750000.0,291.18,91.69,0.0,1.0,2.0,JURIQUILLA
2450000.0,177.0,150.0,3.0,3.0,2.0,SONTERRA
3500000.0,190.0,0.0,3.0,2.0,3.0,EL REFUGIO
2150000.0,122.0,104.0,3.0,2.0,2.0,JURICA
3000000.0,170.0,163.0,3.0,2.0,3.0,SANTA FE
2200000.0,128.0,73.0,2.0,2.0,2.0,SANTA FE
7250000.0,194.0,150.0,3.0,3.0,2.0,JURIQUILLA
1800000.0,184.0,150.0,3.0,4.0,3.0,CIMATARIO
3200000.0,96.0,96.0,3.0,2.0,2.0,SAN MIGUEL
2900000.0,200.0,180.0,4.0,3.0,2.0,SANTIAGO
350000.0,222.0,162.0,3.0,3.0,3.0,CENTRO
573000.0,65.0,60.0,2.0,1.0,1.0,VILLAS DEL MESON
713000.0,90.0,60.0,2.0,1.0,1.0,LOMAS DE JURIQUILLA
990000.0,108.0,37.0,2.0,1.0,1.0,REAL DE JURIQUILLA
2821000.0,145.0,145.0,3.0,2.0,1.0,JURIQUILLA
11300000.0,342.0,342.0,4.0,2.0,2.0,JURIQUILLA
6450000.0,250.0,231.0,3.0,3.0,3.0,CENTRO
3500000.0,305.0,290.0,3.0,3.0,3.0,REAL DE JURIQUILLA (DIAMANTE)
8400000.0,190.0,149.0,3.0,2.0,2.0,CLUB CAMPESTRE
980000.0,354.0,0.0,4.0,3.0,0.0,REAL DE JURIQUILLA
1136031.0,180.0,110.0,3.0,2.0,2.0,VISTA HERMOSA
5550000.0,95.0,95.0,3.0,2.0,1.0,EL CAMPANARIO
18000000.0,368.0,0.0,3.0,2.0,2.0,VILLAS DEL MESON
4100000.0,808.0,552.0,4.0,4.0,0.0,MISION DE CONCA
510000.0,247.0,207.0,3.0,3.0,3.0,EL CAMPANARIO
52500000.0,140.0,140.0,2.0,2.0,2.0,VILLAS DEL CIMATARIO
11000000.0,420.0,0.0,3.0,3.0,3.0,JURIQUILLA
2556000.0,333.0,270.0,4.0,5.0,3.0,SAN JOSE
14500000.0,200.0,143.0,4.0,2.0,2.0,SAN ANTONIO DE LA PUNTA
975000.0,126.0,0.0,3.0,2.0,2.0,OBRERA
14400000.0,109.0,100.0,3.0,3.0,2.0,LA JOYA
14500000.0,880.0,509.0,4.0,5.0,4.0,JARDINES DE SANTIAGO
3300000.0,539.0,515.0,4.0,4.0,4.0,EL CAMPANARIO
3300000.0,389.0,375.0,4.0,4.0,3.0,PARQUE SANTIAGO
550000.0,90.0,62.0,2.0,1.0,1.0,EL CAMPANARIO
1850000.0,198.0,119.0,3.0,2.0,1.0,MILENIO III
4095000.0,198.0,192.0,3.0,2.0,2.0,LA GLORIA
1034000.0,150.0,123.0,4.0,2.0,2.0,MISION DE CONCA
9865000.0,420.0,0.0,4.0,5.0,3.0,EL BOSQUE
5400000.0,340.0,0.0,4.0,4.0,2.0,REAL DE JURIQUILLA (DIAMANTE)
3300000.0,146.0,0.0,3.0,2.0,2.0,CUMBRES DEL LAGO
5677600.0,389.0,327.0,4.0,4.0,2.0,EL CAMPANARIO
12990000.0,389.0,0.0,4.0,4.0,3.0,SANTIAGO
672371.0,230.0,124.0,3.0,2.0,2.0,CIMATARIO
16800000.0,840.0,299.0,5.0,7.0,8.0,LOMAS DEL MARQUES
2100000.0,160.0,113.0,3.0,2.0,2.0,LA JOYA
1414639.0,112.0,112.0,3.0,2.0,2.0,LA VISTA RESIDENCIAL
4940000.0,215.0,180.0,3.0,3.0,2.0,TLACOTE EL BAJO
1250000.0,123.0,123.0,3.0,3.0,2.0,EL PARQUE
580000.0,90.0,62.0,2.0,1.0,1.0,CENTRO SCT QUERETARO
1528800.0,130.0,110.0,3.0,1.0,1.0,LOMAS DE JURIQUILLA
12000000.0,580.0,310.0,3.0,4.0,3.0,LOMA JURIQUILLA
3200000.0,269.0,251.0,3.0,4.0,2.0,EL MARQUES QUERETANO
820000.0,156.0,87.0,3.0,2.0,1.0,LA CANTERA
990000.0,105.0,95.0,3.0,1.0,2.0,EL MARQUES
1412750.0,256.0,220.0,3.0,2.0,1.0,EDUARDO LOARCA CASTILLO
780000.0,60.0,45.0,2.0,1.0,1.0,CUMBRES DEL LAGO
5500000.0,244.0,176.0,3.0,2.0,2.0,PASEOS DEL PEDREGAL
7280100.0,280.0,200.0,3.0,3.0,3.0,CENTRO
550000.0,70.0,70.0,2.0,1.0,2.0,EL REFUGIO
5231000.0,232.0,184.0,3.0,4.0,2.0,JURIQUILLA
5700000.0,285.0,285.0,3.0,3.0,4.0,EL CAMPANARIO
11400000.0,350.0,315.0,3.0,1.0,0.0,CENTRO
576715.0,80.0,80.0,2.0,1.0,1.0,FRAY JUNIPERO SERRA
3300000.0,323.0,272.0,3.0,5.0,3.0,SANTA MONICA
929000.0,150.0,150.0,4.0,3.0,2.0,SAN ISIDRO JURIQUILLA
3050000.0,133.0,0.0,3.0,2.0,2.0,JURIQUILLA
4150000.0,235.0,0.0,3.0,3.0,2.0,HIDALGO
22000000.0,751.0,669.0,5.0,4.0,7.0,SAN FRANCISCO
14500000.0,774.0,607.0,5.0,5.0,0.0,LOMAS DE JURIQUILLA
8850000.0,479.0,250.0,4.0,4.0,0.0,JURIQUILLA
5600000.0,450.0,297.0,3.0,2.0,2.0,CENTRO
420338.0,120.0,120.0,2.0,2.0,1.0,PASEOS DEL PEDREGAL
3300000.0,280.0,200.0,3.0,4.0,3.0,CIMATARIO
6500000.0,250.0,0.0,3.0,3.0,3.0,EL CAMPANARIO
12750000.0,358.0,316.0,4.0,4.0,3.0,EL CAMPANARIO
11400000.0,325.0,280.0,4.0,5.0,0.0,EL REFUGIO
3580000.0,217.0,130.0,3.0,2.0,0.0,JURIQUILLA
5950000.0,280.0,255.0,3.0,4.0,0.0,SANTA FE
5730000.0,270.0,180.0,3.0,3.0,0.0,JURIQUILLA
3550000.0,191.0,0.0,3.0,2.0,2.0,JURIQUILLA
5900000.0,277.0,277.0,3.0,3.0,2.0,REAL DE JURIQUILLA
2990000.0,145.0,106.0,3.0,2.0,0.0,JURIQUILLA
6990000.0,326.0,206.0,4.0,4.0,0.0,JURIQUILLA
3180000.0,159.0,126.0,3.0,2.0,0.0,CENTRO
510000.0,140.0,140.0,2.0,2.0,1.0,MISION DE SAN JERONIMO
11800000.0,377.0,377.0,3.0,2.0,3.0,SAN ANTONIO DE LA PUNTA
550000.0,150.0,150.0,3.0,1.0,2.0,EL CAMPANARIO
11399000.0,330.0,270.0,3.0,4.0,2.0,EL CAMPANARIO
32500000.0,745.0,704.0,4.0,4.0,3.0,JURIQUILLA
7200000.0,376.0,270.0,4.0,4.0,3.0,LA VISTA RESIDENCIAL
10790000.0,370.0,0.0,4.0,4.0,3.0,SANTA FE
4460000.0,211.0,200.0,3.0,3.0,0.0,VISTA HERMOSA
510000.0,140.0,140.0,2.0,2.0,2.0,CENTRO
521200.0,143.0,143.0,3.0,2.0,2.0,SAN JOSE EL ALTO
576715.0,80.0,80.0,2.0,1.0,1.0,PASEOS DEL PEDREGAL
6150000.0,232.0,197.0,3.0,3.0,3.0,LA VISTA RESIDENCIAL
4950000.0,215.0,0.0,3.0,3.0,2.0,CUMBRES DEL LAGO
10800000.0,330.0,286.0,4.0,4.0,3.0,LOMAS DE JURIQUILLA
6000000.0,250.0,0.0,5.0,5.0,3.0,ALTOZANO
6200000.0,275.0,275.0,4.0,4.0,2.0,FRAY JUNIPERO SERRA
4590000.0,186.0,129.0,3.0,4.0,2.0,EL REFUGIO
11150000.0,352.0,270.0,3.0,4.0,3.0,EL CAMPANARIO
10690000.0,392.0,300.0,4.0,4.0,4.0,PASEOS DEL PEDREGAL
6890000.0,301.0,205.0,3.0,4.0,2.0,JURIQUILLA
8900000.0,350.0,250.0,3.0,3.0,3.0,LA VISTA RESIDENCIAL
7920850.0,245.0,236.0,3.0,4.0,3.0,EL CAMPANARIO
7900000.0,410.0,250.0,4.0,5.0,3.0,PASEOS DEL PEDREGAL
12950000.0,389.0,375.0,3.0,5.0,3.0,PASEOS DEL PEDREGAL
9750000.0,342.0,250.0,4.0,5.0,2.0,JURIQUILLA
16150000.0,479.0,403.0,4.0,5.0,3.0,PASEOS DEL PEDREGAL
5890000.0,320.0,225.0,3.0,5.0,3.0,CONSTITUYENTES
7290000.0,245.0,200.0,3.0,4.0,3.0,SANTA FE
4650000.0,323.0,238.0,4.0,2.0,3.0,LA VISTA RESIDENCIAL
17900000.0,783.0,600.0,3.0,4.0,3.0,EL CAMPANARIO
5600000.0,254.0,170.0,4.0,4.0,3.0,EL CAMPANARIO
28500000.0,881.0,634.0,5.0,3.0,7.0,PASEOS DEL PEDREGAL
5800000.0,280.0,150.0,3.0,4.0,2.0,LA VISTA RESIDENCIAL
6790000.0,265.0,205.0,4.0,4.0,3.0,JURIQUILLA
6300000.0,290.0,186.0,5.0,5.0,3.0,LA CONDESA
5720000.0,255.0,248.0,4.0,4.0,3.0,JURICA
3300000.0,178.0,140.0,3.0,4.0,2.0,LOMA DORADA
4900000.0,350.0,0.0,3.0,3.0,2.0,MILENIO III
3890000.0,180.0,125.0,3.0,3.0,2.0,CIMATARIO
5800000.0,410.0,326.0,5.0,5.0,4.0,LOMAS DE JURIQUILLA
383181.0,306.0,250.0,4.0,3.0,1.0,CLUB CAMPESTRE
1510000.0,523.0,523.0,4.0,4.0,2.0,LOMA DORADA
3250000.0,166.0,136.0,4.0,3.0,2.0,SAN ISIDRO EL ALTO
3300000.0,945.0,340.0,5.0,3.0,2.0,SAN ISIDRO JURIQUILLA
1850000.0,198.58,119.73,3.0,2.0,1.0,JURIQUILLA
7068750.0,325.0,172.0,3.0,3.0,2.0,PASEOS DEL PEDREGAL
4400000.0,322.0,216.0,3.0,2.0,4.0,SANTA FE
2550000.0,166.0,117.0,3.0,2.0,2.0,CAMPESTRE ITALIANA
5400000.0,395.0,338.0,4.0,3.0,4.0,LOMA DORADA
11500000.0,512.0,375.0,4.0,5.0,3.0,LOMAS DE JURIQUILLA
5990000.0,305.0,251.0,4.0,4.0,3.0,EL CAMPANARIO
14900000.0,800.0,450.0,5.0,5.0,7.0,CUMBRES DEL LAGO
9100000.0,463.0,302.0,4.0,4.0,3.0,EL REFUGIO
3385000.0,175.0,125.0,4.0,5.0,2.0,CORREGIDORA
3200000.0,161.0,132.0,4.0,3.0,0.0,MILENIO III
4750000.0,212.0,162.0,3.0,4.0,0.0,LOMA DORADA
25000000.0,450.0,450.0,3.0,3.0,6.0,JURIQUILLA
2835000.0,146.0,143.0,3.0,2.0,2.0,CUMBRES DEL LAGO
8440000.0,440.0,315.0,3.0,5.0,4.0,JURIQUILLA
5800000.0,225.0,0.0,3.0,4.0,0.0,PASEOS DEL PEDREGAL
12950000.0,409.0,272.0,4.0,4.0,3.0,LOMA DORADA
12800000.0,590.0,360.0,5.0,4.0,4.0,JURIQUILLA
5950000.0,280.0,254.0,3.0,4.0,0.0,EL CAMPANARIO
1312167.0,180.0,110.0,3.0,2.0,2.0,BOSQUES DEL ACUEDUCTO
1550000.0,133.0,87.0,2.0,3.0,2.0,LA VISTA RESIDENCIAL
10700000.0,535.0,408.0,4.0,4.0,4.0,SONTERRA
6000000.0,250.0,243.02,5.0,5.0,0.0,LA JOYA
5200000.0,215.0,180.0,3.0,3.0,2.0,CUMBRES DEL LAGO
1900000.0,153.0,111.0,3.0,2.0,0.0,BALCONES DEL ACUEDUCTO
5450000.0,203.0,183.0,4.0,3.0,2.0,VILLAS DEL MESON
1199000.0,179.0,114.0,3.0,2.0,1.0,VALLE DE JURIQUILLA
3400000.0,317.0,305.0,4.0,3.0,2.0,LA VISTA RESIDENCIAL
8000000.0,355.0,325.0,4.0,5.0,3.0,JURIQUILLA
5730000.0,260.0,180.0,3.0,3.0,3.0,CUMBRES DEL LAGO
4800000.0,197.0,145.0,4.0,4.0,2.0,JURIQUILLA
2917200.0,213.0,144.0,3.0,2.0,2.0,JURIQUILLA
2550000.0,113.0,108.0,3.0,2.0,2.0,JURIQUILLA
10240000.0,566.4,300.57,3.0,4.0,0.0,EL CAMPANARIO
3000000.0,207.0,110.0,2.0,2.0,2.0,PLAZAS DEL SOL 2A SECCION
2450000.0,115.0,110.0,3.0,2.0,2.0,JURIQUILLA
3300000.0,82.0,62.0,2.0,1.0,1.0,EL REFUGIO
838600.0,360.0,360.0,4.0,4.0,3.0,JURIQUILLA
10240000.0,566.0,300.0,3.0,4.0,6.0,PASEOS DEL PEDREGAL
4990000.0,219.41,219.41,3.0,2.0,2.0,EL REFUGIO
4990000.0,183.0,154.0,3.0,3.0,2.0,EL REFUGIO
4990000.0,200.0,200.0,3.0,4.0,2.0,JURIQUILLA
695000.0,100.0,100.0,3.0,2.0,1.0,EL REFUGIO
4590000.0,186.0,186.0,3.0,4.0,3.0,CLUB CAMPESTRE
3580000.0,217.0,130.0,4.0,4.0,2.0,JURIQUILLA
3500000.0,240.0,160.0,4.0,4.0,2.0,MISION DE SAN JERONIMO
2747400.0,125.0,114.0,3.0,2.0,1.0,ALTOZANO
10950000.0,600.0,600.0,4.0,5.0,4.0,VILLAS DEL MESON
7806700.0,385.0,326.0,5.0,4.0,4.0,EL REFUGIO
8500000.0,450.0,305.0,4.0,5.0,3.0,LA GLORIA
5175000.0,242.0,180.0,4.0,4.0,2.0,CORREGIDORA
3600000.0,151.0,140.0,3.0,0.0,2.0,REAL DE JURIQUILLA
3300000.0,120.0,120.0,2.0,1.0,1.0,CLUB CAMPESTRE
2600000.0,120.0,115.0,3.0,2.0,2.0,JURIQUILLA
4289600.0,250.0,190.0,3.0,4.0,3.0,JURIQUILLA PRIVADA
6000000.0,300.0,1.0,4.0,3.0,2.0,JURIQUILLA
849000.0,327.0,327.0,3.0,3.0,2.0,LA LOMA
1283400.0,96.0,96.0,2.0,2.0,2.0,JURIQUILLA
730000.0,200.0,145.0,4.0,2.0,1.0,MISION DE SAN JERONIMO
805000.0,700.0,700.0,4.0,3.0,3.0,EL BOSQUE
1200000.0,280.0,173.0,3.0,2.0,2.0,VISTA ALEGRE
3600000.0,600.0,557.0,4.0,2.0,4.0,CENTRO
3300000.0,119.0,109.0,3.0,2.0,1.0,SONTERRA
640000.0,180.0,110.0,3.0,2.0,2.0,JURICA
1600000.0,146.0,0.0,3.0,1.0,2.0,SONTERRA
1216000.0,300.0,250.0,3.0,2.0,3.0,EL BOSQUE
1680000.0,94.7,78.0,3.0,3.0,0.0,ANGELES
1869000.0,600.0,556.0,4.0,2.0,4.0,COLINAS DEL CIMATARIO
800000.0,110.0,90.0,3.0,2.0,2.0,VIÑEDOS
730000.0,395.0,260.0,4.0,4.0,3.0,FELIPE CARRILLO PUERTO
1700000.0,110.0,75.0,2.0,1.0,1.0,REAL DE JURIQUILLA
3300000.0,180.0,180.0,4.0,2.0,1.0,LA JOYA
977400.0,430.0,430.0,6.0,5.0,4.0,VILLAS DEL MESON
990101.0,230.0,130.0,3.0,2.0,2.0,RANCHO BELLAVISTA
5381200.0,160.0,120.0,3.0,3.0,2.0,PALMARES
978000.0,450.0,330.0,4.0,4.0,4.0,COLINAS DE MENCHACA
725000.0,188.0,151.0,4.0,5.0,2.0,CERRITO COLORADO
3300000.0,90.0,62.0,2.0,1.0,1.0,CENTRO SUR
1575000.0,120.0,100.0,3.0,1.0,1.0,SANTA FE
840000.0,90.0,58.0,3.0,1.0,1.0,EL ENSUEÑO
3250000.0,200.0,175.0,3.0,2.0,2.0,MISION DE CARRILLO
833000.0,128.0,128.0,3.0,3.0,0.0,BOSQUES DEL ACUEDUCTO
5676800.0,140.0,80.0,3.0,2.0,1.0,VISTA HERMOSA
5600000.0,336.0,232.0,3.0,3.0,2.0,EL REFUGIO
4100000.0,338.0,335.0,6.0,11.0,2.0,PUERTA DEL SOL II
3400000.0,300.0,179.0,2.0,2.0,3.0,VILLAS DE SANTIAGO
710100.0,245.0,151.0,3.0,2.0,2.0,JURIQUILLA
3300000.0,100.0,80.0,2.0,1.0,1.0,VIÑEDOS
1930000.0,200.0,180.0,4.0,2.0,1.0,LA VISTA RESIDENCIAL
722000.0,110.0,97.0,3.0,1.0,1.0,CIMATARIO
4100000.0,107.0,107.0,3.0,2.0,1.0,MILENIO III
1226295.0,151.0,145.0,3.0,3.0,2.0,PASEOS DEL PEDREGAL
1415000.0,100.0,100.0,3.0,2.0,1.0,CUMBRES DEL LAGO
7280000.0,260.0,200.0,4.0,3.0,2.0,SANTIAGO
6200000.0,270.0,200.0,3.0,3.0,3.0,SONTERRA
1350000.0,479.0,456.0,3.0,3.0,0.0,EL SALITRE
3300000.0,123.0,123.0,3.0,1.0,2.0,PALMARES
2380000.0,129.0,83.0,3.0,2.0,2.0,EL CAMPANARIO
5127803.0,109.0,108.0,3.0,2.0,0.0,LAS AZUCENAS
3480000.0,189.0,141.0,4.0,5.0,2.0,SAN MIGUEL
351000.0,203.0,88.0,3.0,3.0,1.0,MISION DE CONCA
1050000.0,60.0,60.0,2.0,1.0,1.0,SANTA ROSA DE JAUREGUI
8900000.0,90.0,90.0,3.0,2.0,1.0,SANTIAGO
1110000.0,358.0,343.0,3.0,5.0,0.0,SANTA MONICA 2A SECC
951300.0,360.0,360.0,5.0,4.0,3.0,VILLAS DEL MESON
376528.0,120.0,80.0,2.0,2.0,1.0,CERRITO COLORADO
867000.0,120.0,90.0,3.0,2.0,2.0,EL VERGEL
964600.0,280.0,260.0,3.0,2.0,2.0,SAN PEDRITO PEÑUELAS I
1850000.0,198.0,120.0,3.0,2.0,2.0,JURIQUILLA
951300.0,150.0,150.0,3.0,3.0,2.0,SANTA MONICA 2A SECC
1120000.0,130.0,130.0,3.0,2.0,2.0,COLINAS DEL CIMATARIO
1369000.0,460.0,460.0,3.0,2.0,3.0,VILLAS DEL MESON
1120000.0,130.0,130.0,3.0,1.0,2.0,COLINAS DEL CIMATARIO
659202.0,80.0,70.0,2.0,2.0,1.0,LOS ROBLES
761000.0,200.0,140.0,4.0,2.0,2.0,MILENIO III
1701770.0,90.0,90.0,3.0,2.0,2.0,CORREGIDORA
1850000.0,198.0,119.0,3.0,3.0,2.0,SAN ISIDRO JURIQUILLA
1080000.0,240.0,158.0,3.0,1.0,2.0,CORREGIDORA
830000.0,220.0,220.0,4.0,2.0,2.0,SAN JAVIER
1964802.0,100.0,60.0,3.0,2.0,1.0,LA AURORA
521991.0,100.0,75.0,2.0,1.0,1.0,SAN PEDRO MARTIR
978000.0,120.0,100.0,3.0,2.0,1.0,EDUARDO LOARCA CASTILLO
1390000.0,100.0,75.0,3.0,2.0,2.0,SANTIAGO
1960000.0,95.0,90.0,3.0,2.0,2.0,CIUDAD DEL SOL
857000.0,110.0,90.0,2.0,2.0,1.0,EL MARQUES
978000.0,120.0,100.0,3.0,2.0,1.0,EDUARDO LOARCA CASTILLO
7500000.0,364.0,270.0,4.0,5.0,2.0,CUMBRES DEL LAGO
3100000.0,148.0,138.0,3.0,2.0,0.0,CUMBRES DEL LAGO
1320000.0,212.0,112.0,3.0,2.0,2.0,JURIQUILLA
3450000.0,153.0,153.0,3.0,0.0,2.0,EL CAMPANARIO
8300000.0,287.0,260.0,3.0,4.0,3.0,EL CAMPANARIO
11000000.0,859.0,0.0,4.0,5.0,3.0,VALLE DE JURIQUILLA
6290000.0,250.0,190.0,3.0,5.0,2.0,MILENIO III
27750000.0,830.0,647.0,4.0,4.0,5.0,EL CAMPANARIO
8990000.0,284.0,275.0,3.0,4.0,3.0,CUMBRES DEL LAGO
761000.0,151.0,151.0,3.0,2.0,2.0,SANTA FE
15700000.0,945.0,415.19,4.0,4.0,3.0,ALTOZANO
3980000.0,276.2,226.69,3.0,2.0,2.0,SAN PEDRITO EL ALTO
4550000.0,294.51,196.91,3.0,3.0,3.0,MISION DE CONCA
13400000.0,436.0,372.0,3.0,3.0,3.0,LA JOYA
6000000.0,357.0,265.5,3.0,4.0,2.0,MILENIO III
3250000.0,142.0,126.0,3.0,2.0,2.0,EL CAMPANARIO
19500000.0,608.0,435.0,3.0,3.0,0.0,JURIQUILLA
7290000.0,245.0,200.0,3.0,3.0,0.0,UNIVERSIDAD
7590000.0,280.0,200.0,3.0,3.0,0.0,JURIQUILLA
8390000.0,290.0,270.0,3.0,3.0,3.0,COLINAS DEL CIMATARIO
9600000.0,311.62,273.0,3.0,3.0,3.0,EL CAMPANARIO
2700000.0,116.0,90.0,3.0,2.0,2.0,JURICA
3500000.0,235.0,131.0,3.0,2.0,2.0,PASEOS DEL PEDREGAL
4400000.0,251.0,201.0,4.0,3.0,3.0,EL CAMPANARIO
2299987.0,168.0,102.0,3.0,2.0,2.0,REFORMA AGRARIA
19700000.0,820.0,711.0,4.0,5.0,3.0,JURIQUILLA
5300000.0,340.0,292.0,3.0,3.0,0.0,SANTA FE
6850000.0,565.0,0.0,3.0,3.0,2.0,JURIQUILLA
19500000.0,557.0,350.0,6.0,7.0,4.0,CENTRO
8750000.0,349.0,323.0,4.0,3.0,3.0,BALCONES DEL ACUEDUCTO
5300000.0,315.0,252.0,4.0,5.0,3.0,LOMAS DE JURIQUILLA
3670000.0,250.0,220.0,3.0,2.0,3.0,EL REFUGIO
3150000.0,254.0,225.0,5.0,3.0,1.0,SAN PEDRITO PEÑUELAS
12000000.0,623.0,538.0,4.0,6.0,4.0,JURIQUILLA
8480000.0,420.0,0.0,3.0,3.0,4.0,MISION DE CONCA
7806700.0,385.0,326.0,4.0,4.0,4.0,CUMBRES DEL LAGO
3675000.0,160.0,156.0,3.0,2.0,2.0,SANTA FE
6900000.0,513.0,250.0,4.0,2.0,3.0,COLINAS DEL CIMATARIO
3720000.0,200.0,180.0,3.0,3.0,2.0,CUMBRES DEL LAGO
12950000.0,651.0,461.0,4.0,4.0,4.0,JURICA
3550000.0,244.0,195.0,4.0,3.0,2.0,SANTA FE
27000000.0,780.0,771.0,4.0,4.0,5.0,EL CAMPANARIO
7990000.0,380.0,335.0,3.0,2.0,4.0,CARRETAS
22000000.0,840.0,712.0,4.0,5.0,3.0,JURIQUILLA
5450000.0,226.0,0.0,3.0,4.0,3.0,VALLE DE JURIQUILLA
19000000.0,850.0,760.0,4.0,4.0,6.0,JURICA
4250000.0,210.0,162.0,3.0,4.0,2.0,QUINTAS DEL MARQUES
2100000.0,111.84,104.98,3.0,2.0,2.0,SONTERRA
3400000.0,292.0,123.0,3.0,2.0,2.0,EL REFUGIO
3900000.0,231.0,168.0,3.0,2.0,2.0,JURIQUILLA
7200000.0,390.0,240.0,5.0,4.0,2.0,CENTRO
15000000.0,761.0,579.0,4.0,2.0,1.0,PASEOS DEL PEDREGAL
16150000.0,531.0,450.0,4.0,5.0,4.0,ALAMOS 2
6800000.0,250.0,0.0,3.0,2.0,2.0,JURICA
2250000.0,135.0,127.0,3.0,2.0,2.0,SANTA FE
12950000.0,650.0,460.0,4.0,4.0,4.0,EL REFUGIO
3740000.0,274.0,158.0,3.0,2.0,2.0,JURIQUILLA
2750000.0,190.0,135.0,4.0,3.0,2.0,EL CAMPANARIO
8500000.0,450.0,338.0,4.0,5.0,4.0,EL PEDREGAL DE QUERETARO
28000000.0,720.0,0.0,4.0,4.0,0.0,CORREGIDORA
16000000.0,691.0,635.0,4.0,6.0,3.0,PALMARES
3445000.0,220.0,160.0,4.0,4.0,2.0,EL PARQUE
6990000.0,225.0,197.0,4.0,5.0,2.0,CIMATARIO
7900000.0,316.0,258.0,3.0,4.0,2.0,PASEOS DEL PEDREGAL
6890000.0,282.0,278.0,2.0,4.0,2.0,JURICA
8990000.0,436.0,272.0,4.0,5.0,3.0,VILLAS DEL MESON
17500000.0,820.0,760.0,4.0,4.0,4.0,JURICA
17500000.0,875.0,850.0,4.0,4.0,6.0,LOMAS DE JURIQUILLA
3250000.0,142.0,120.0,3.0,3.0,2.0,JURICA
26580000.0,714.0,586.0,4.0,4.0,6.0,JURIQUILLA
5750000.0,285.0,245.0,4.0,4.0,3.0,JURIQUILLA
11000000.0,600.0,525.0,3.0,3.0,4.0,PASEOS DEL PEDREGAL
6245000.0,738.0,295.0,3.0,3.0,3.0,CENTRO SUR
6245000.0,739.0,296.0,3.0,3.0,3.0,MILENIO III
4514000.0,231.0,181.0,3.0,4.0,2.0,MILENIO III
6830000.0,345.0,236.0,5.0,5.0,3.0,MILENIO III
4750000.0,300.0,245.0,4.0,5.0,3.0,REAL DE JURIQUILLA
19500000.0,850.0,680.0,4.0,4.0,6.0,CORREGIDORA
4200000.0,125.0,125.0,3.0,3.0,0.0,CENTRO
11000000.0,444.0,324.0,4.0,4.0,3.0,QUINTAS DEL MARQUES
5800000.0,285.0,249.0,4.0,3.0,2.0,CUMBRES DEL LAGO
5500000.0,320.0,285.0,3.0,4.0,3.0,CUMBRES DEL LAGO
3300000.0,199.0,160.0,4.0,4.0,2.0,EL REFUGIO
3300000.0,177.0,119.0,3.0,3.0,2.0,LA PURISIMA
7000000.0,318.0,156.0,4.0,6.0,2.0,EL REFUGIO
8990000.0,284.0,274.0,3.0,3.0,2.0,EL CAMPANARIO
72680.0,195.0,158.0,3.0,2.0,2.0,JURICA
4960000.0,324.0,291.0,4.0,4.0,3.0,SANTA FE
3100000.0,250.0,150.0,3.0,2.0,2.0,JURIQUILLA
2990000.0,200.0,170.0,3.0,2.0,2.0,PASEOS DEL PEDREGAL
12500000.0,475.0,459.0,3.0,3.0,3.0,CIUDAD DEL SOL
1397000.0,81.0,68.0,2.0,2.0,1.0,EL REFUGIO
4950000.0,214.0,156.0,3.0,3.0,2.0,LOMAS DE JURIQUILLA
6350000.0,327.0,251.0,4.0,4.0,3.0,CORREGIDORA
12500000.0,850.0,850.0,4.0,4.0,4.0,REAL DE JURIQUILLA
3300000.0,362.0,361.0,3.0,4.0,3.0,JURIQUILLA
13900000.0,880.0,387.0,3.0,5.0,8.0,JURIQUILLA
21500000.0,966.0,770.0,4.0,7.0,4.0,JURIQUILLA
5900000.0,200.0,1.0,4.0,5.0,3.0,JURIQUILLA
6448000.0,188.0,151.0,3.0,2.0,2.0,COLINAS DEL CIMATARIO
6400000.0,350.0,250.0,4.0,4.0,2.0,JURIQUILLA
7500000.0,472.0,299.0,3.0,5.0,3.0,VILLAS DEL MESON
7830000.0,290.0,236.0,3.0,4.0,3.0,REAL DE JURIQUILLA
2250000.0,136.0,128.0,3.0,2.0,2.0,CUMBRES DEL LAGO
6600000.0,420.0,310.0,3.0,4.0,3.0,LOMAS DE JURIQUILLA
5800000.0,416.0,260.0,3.0,4.0,3.0,JURIQUILLA
3944000.0,233.0,162.0,3.0,3.0,3.0,PASEOS DEL PEDREGAL
6762000.0,282.0,202.0,3.0,4.0,3.0,PASEOS DEL PEDREGAL
16150000.0,531.0,451.0,4.0,5.0,4.0,EL CAMPANARIO
15000000.0,721.0,390.0,4.0,3.0,4.0,CENTRO SUR
4850000.0,355.0,225.0,4.0,4.0,3.0,EL REFUGIO
3590000.0,161.0,144.0,3.0,2.0,3.0,LOMA DORADA
18000000.0,455.0,350.0,3.0,3.0,5.0,EL CAMPANARIO
9700000.0,315.0,280.0,3.0,3.0,3.0,LOMA DORADA
6700000.0,358.0,331.0,3.0,3.0,2.0,LOMA DORADA
8600000.0,460.0,330.0,3.0,5.0,4.0,EL PARQUE
11000000.0,510.0,0.0,5.0,4.0,3.0,EL PEDREGAL DE QUERETARO
16500000.0,592.48,500.0,3.0,4.0,3.0,JURIQUILLA
13500000.0,404.0,398.0,4.0,4.0,3.0,REAL DE JURIQUILLA
4750000.0,300.0,245.0,4.0,5.0,3.0,CUMBRES DEL LAGO
4957000.0,370.0,255.0,5.0,5.0,2.0,JURIQUILLA
6300000.0,251.0,185.0,4.0,3.0,2.0,QUINTAS DEL MARQUES
9500000.0,280.0,0.0,3.0,0.0,4.0,EL REFUGIO
4250000.0,520.0,500.0,3.0,5.0,3.0,QUINTAS DEL MARQUES
2800000.0,210.0,162.0,3.0,4.0,2.0,JURIQUILLA
11000000.0,125.0,108.0,3.0,3.0,2.0,EL REFUGIO
13900000.0,444.0,324.0,4.0,4.0,3.0,VILLAS DEL MESON
3927500.0,880.0,387.0,3.0,5.0,8.0,LOMAS DE JURIQUILLA
10300000.0,160.0,130.0,3.0,3.0,2.0,JURICA
6700000.0,450.0,450.0,3.0,3.0,3.0,CARRETAS
3500000.0,300.0,250.0,4.0,5.0,3.0,REAL DE JURIQUILLA
6350000.0,509.0,180.0,3.0,2.0,0.0,EL CAMPANARIO
3350000.0,300.0,300.0,4.0,3.0,4.0,EL CAMPANARIO
26580000.0,715.0,587.0,4.0,4.0,6.0,EL CAMPANARIO
12900000.0,667.0,500.0,4.0,4.0,8.0,JURIQUILLA
13800000.0,480.0,380.0,3.0,3.0,3.0,EL CAMPANARIO
3150000.0,254.0,225.0,5.0,3.0,1.0,SAN PEDRITO PEÑUELAS
3200000.0,195.0,163.0,3.0,2.0,3.0,JURIQUILLA
9650000.0,364.0,305.0,4.0,4.0,3.0,PASEOS DEL PEDREGAL
8200000.0,351.0,251.0,3.0,3.0,3.0,PASEOS DEL PEDREGAL
5350000.0,295.0,180.0,4.0,3.0,3.0,CENTRO SUR
5300000.0,398.0,350.0,6.0,5.0,4.0,ARBOLEDAS
17000000.0,808.0,507.0,4.0,4.0,9.0,CLUB CAMPESTRE
4700000.0,300.0,154.0,3.0,3.0,3.0,EL REFUGIO
3820210.0,186.0,126.0,4.0,3.0,2.0,JURIQUILLA
2003000.0,180.0,160.0,3.0,4.0,2.0,EL REFUGIO
3180000.0,218.0,137.0,3.0,2.0,2.0,REAL DE JURIQUILLA
4550000.0,300.0,245.0,4.0,5.0,3.0,JURIQUILLA
3000000.0,132.0,110.0,3.0,2.0,2.0,EL REFUGIO
3274000.0,182.0,135.0,3.0,4.0,2.0,EL REFUGIO
9500000.0,520.0,500.0,3.0,5.0,3.0,CUMBRES DEL LAGO
4450000.0,250.0,250.0,4.0,4.0,2.0,FRAY JUNIPERO SERRA
3255315.0,158.0,150.0,2.0,2.0,2.0,EL CAMPANARIO
2850000.0,142.0,108.0,3.0,3.0,2.0,LOMAS DE JURIQUILLA
11500000.0,345.0,0.0,4.0,4.0,3.0,PASEOS DEL PEDREGAL
6700000.0,285.0,250.0,3.0,4.0,3.0,JURICA
18650000.0,564.0,469.0,2.0,3.0,4.0,LOMA DORADA
10500000.0,408.0,391.0,4.0,4.0,2.0,JURICA
13900000.0,800.0,400.0,4.0,1.0,0.0,JURIQUILLA
26500000.0,725.0,0.0,4.0,4.0,4.0,JURIQUILLA
6100000.0,480.0,310.0,3.0,4.0,3.0,CUMBRES DEL LAGO
4750000.0,203.0,200.0,4.0,3.0,3.0,CUMBRES DEL LAGO
12500000.0,500.0,393.0,3.0,3.0,4.0,CUMBRES DEL LAGO
3600000.0,225.0,175.0,3.0,4.0,2.0,LOMAS DE JURIQUILLA
6400000.0,422.0,395.0,4.0,4.0,3.0,LOMAS DE JURIQUILLA
4200000.0,307.0,290.0,3.0,4.0,3.0,SAN FRANCISCO JURIQUILLA
4750000.0,255.0,186.0,4.0,4.0,3.0,JURIQUILLA
5950000.0,350.0,250.0,4.0,5.0,3.0,JURIQUILLA
8800000.0,452.0,403.0,3.0,4.0,3.0,PASEOS DEL PEDREGAL
20500000.0,733.0,631.0,5.0,5.0,4.0,EL CAMPANARIO
10800000.0,359.0,317.0,4.0,5.0,3.0,EL CAMPANARIO
18500000.0,718.0,365.0,4.0,3.0,4.0,EL CAMPANARIO
19900000.0,714.0,521.0,3.0,4.0,4.0,EL CAMPANARIO
7500000.0,402.0,258.0,3.0,4.0,4.0,MILENIO III
6550000.0,451.0,301.0,3.0,5.0,4.0,CIMATARIO
5850000.0,380.0,210.0,3.0,3.0,3.0,MILENIO III
3316000.0,133.0,120.0,3.0,2.0,2.0,LOMAS DEL MARQUES
3100000.0,158.0,141.0,2.0,2.0,2.0,EL REFUGIO
14000000.0,730.0,334.0,4.0,5.0,4.0,LOMA DORADA
8610000.0,323.0,280.0,3.0,4.0,3.0,FRAY JUNIPERO SERRA
3440000.0,217.0,0.0,3.0,4.0,2.0,EL REFUGIO
13290000.0,480.0,350.0,4.0,4.0,3.0,PASEOS DEL PEDREGAL
22000000.0,840.0,712.0,4.0,5.0,3.0,JURIQUILLA
6690000.0,260.0,184.0,3.0,3.0,2.0,EL REFUGIO
2940000.0,132.0,126.0,3.0,2.0,2.0,JURIQUILLA
8350000.0,450.0,300.0,4.0,4.0,4.0,REAL DE JURIQUILLA
10450000.0,290.0,270.0,3.0,5.0,3.0,LOMAS DEL CAMPANARIO III
10500000.0,334.0,251.0,4.0,5.0,3.0,JURIQUILLA
3800000.0,248.94,155.1,3.0,2.0,2.0,JURIQUILLA
8000000.0,400.0,0.0,3.0,4.0,3.0,LA VISTA RESIDENCIAL
5800000.0,337.0,270.0,4.0,4.0,3.0,EL CAMPANARIO
9500000.0,300.0,280.0,3.0,3.0,3.0,EL CAMPANARIO
10300000.0,310.0,294.0,3.0,3.0,3.0,EL CAMPANARIO
4750000.0,212.0,162.0,3.0,3.0,2.0,MILENIO III
3300000.0,203.0,151.0,3.0,2.0,3.0,JURIQUILLA
3070000.0,122.0,122.0,3.0,2.0,2.0,EL MARQUES QUERETANO
4800000.0,300.0,267.0,4.0,4.0,4.0,REAL DE JURIQUILLA
11400000.0,330.0,281.0,4.0,3.0,3.0,CUMBRES DEL LAGO
21800000.0,556.0,0.0,4.0,5.0,3.0,EL REFUGIO
8900000.0,380.0,300.0,4.0,6.0,3.0,EL CAMPANARIO
5900000.0,254.0,242.0,4.0,4.0,2.0,EL CAMPANARIO
9400000.0,316.0,285.0,4.0,4.0,3.0,EL CAMPANARIO
25900000.0,750.0,605.0,5.0,5.0,4.0,JURIQUILLA
8500000.0,305.0,290.0,3.0,3.0,3.0,EL CAMPANARIO
3650000.0,190.0,190.0,3.0,2.0,2.0,MILENIO III
12950000.0,359.0,316.0,5.0,4.0,6.0,EL CAMPANARIO
4900000.0,195.0,180.0,3.0,2.0,3.0,EL CAMPANARIO
12950000.0,389.0,375.0,4.0,4.0,4.0,JURIQUILLA
5950000.0,230.0,180.0,3.0,2.0,3.0,JURIQUILLA
4250000.0,241.0,201.0,4.0,4.0,2.0,CUMBRES DEL LAGO
5000000.0,251.0,251.0,4.0,4.0,4.0,CUMBRES DEL LAGO
4850000.0,245.0,185.0,3.0,3.0,2.0,CUMBRES DEL LAGO
6200000.0,303.0,290.0,4.0,4.0,3.0,CUMBRES DEL LAGO
4960000.0,323.0,290.0,4.0,4.0,3.0,LOMAS DE JURIQUILLA
6600000.0,420.0,310.0,3.0,4.0,3.0,LOMAS DE JURIQUILLA
1701770.0,90.0,90.0,3.0,2.0,2.0,CORREGIDORA
7450000.0,434.0,376.25,3.0,3.0,0.0,JURIQUILLA
8999000.0,468.0,400.0,5.0,4.0,0.0,JURIQUILLA
838600.0,156.0,156.0,3.0,2.0,2.0,SAN JOSE
4600000.0,256.0,193.0,2.0,3.0,2.0,REAL DE JURIQUILLA
1325200.0,163.0,76.0,2.0,2.0,2.0,SATELITE
3365000.0,155.0,108.0,3.0,2.0,2.0,EL MARQUES
1199000.0,126.0,120.0,3.0,1.0,1.0,EX-HACIENDA EL TINTERO
1830000.0,600.0,300.0,3.0,2.0,2.0,CALETTO
5625000.0,325.0,300.0,3.0,4.0,3.0,REAL DE JURIQUILLA
1850000.0,198.0,119.0,3.0,3.0,2.0,SAN ISIDRO JURIQUILLA
6635047.0,620.0,440.0,4.0,4.0,3.0,MILENIO III
3300000.0,204.0,107.0,3.0,2.0,1.0,LAS AMERICAS
987000.0,183.0,140.0,3.0,3.0,2.0,MILENIO III
895000.0,250.0,230.0,3.0,3.0,2.0,MILENIO III
800000.0,175.0,175.0,3.0,2.0,2.0,CENTRO SUR
3950000.0,360.0,200.0,3.0,3.0,3.0,LA JOYA
850000.0,360.0,360.0,4.0,4.0,3.0,SANTIAGO
1250000.0,123.0,123.0,3.0,1.0,2.0,RINCONADA DEL SOL
3800000.0,151.0,145.0,3.0,3.0,2.0,LA VISTA RESIDENCIAL
7600000.0,343.0,240.0,4.0,4.0,0.0,SANTIAGO
600000.0,170.0,110.0,3.0,2.0,0.0,SAN PEDRO MARTIR
616701.0,54.0,47.0,1.0,1.0,1.0,LA CANTERA
1730000.0,129.0,117.0,3.0,3.0,2.0,LOMA LINDA
845962.0,98.0,98.0,3.0,2.0,1.0,JURIQUILLA
849000.0,192.0,192.0,3.0,2.0,2.0,SANTA MONICA 2A SECC
3300000.0,100.0,100.0,3.0,2.0,1.0,EL REFUGIO
709200.0,75.0,60.0,3.0,1.0,1.0,EL REFUGIO
900000.0,90.0,90.0,3.0,2.0,2.0,COLINAS DEL CIMATARIO
990000.0,275.0,150.0,4.0,3.0,3.0,SAN MIGUEL
1250000.0,81.0,79.0,3.0,1.0,0.0,MILENIO III
3200000.0,170.0,150.0,3.0,2.0,0.0,LOS SAUCES
1320000.0,145.0,130.0,3.0,2.0,1.0,VISTA 2000
893000.0,125.0,112.0,3.0,2.0,2.0,BOSQUES DEL ACUEDUCTO
2692579.0,444.0,362.0,4.0,4.0,3.0,COMERCIANTES
500000.0,280.0,130.0,3.0,2.0,1.0,SANTA FE
1412560.0,310.0,205.0,4.0,3.0,2.0,MONTE BLANCO III
1302000.0,210.0,180.0,3.0,2.0,2.0,LA JOYA
758342.0,70.0,68.0,2.0,2.0,1.0,EL VERGEL
1350000.0,69.0,66.0,2.0,1.0,1.0,RESIDENCIAL PARQUE LA GLORIA
911920.0,158.0,103.0,4.0,3.0,1.0,VILLAS DE SANTIAGO
583275.0,152.0,120.0,3.0,2.0,1.0,COLINAS DEL PONIENTE
667000.0,120.0,120.0,3.0,2.0,1.0,PUERTA DEL SOL II
1946320.0,160.0,144.0,4.0,3.0,1.0,LOMAS DEL MARQUES
670000.0,210.0,200.0,3.0,3.0,2.0,ALAMOS 3
2068802.0,240.0,159.0,4.0,3.0,2.0,CUMBRES DEL LAGO
7500000.0,269.0,269.0,5.0,5.0,3.0,SAN SEBASTIAN
870058.0,180.0,170.0,3.0,2.0,2.0,SAN JOSE EL ALTO
1137000.0,820.0,400.0,1.0,4.0,3.0,SANTIAGO
3000000.0,400.0,299.0,4.0,2.0,3.0,SATELITE
657580.0,96.0,62.0,3.0,3.0,1.0,CERRITO COLORADO
1039000.0,95.0,90.0,3.0,2.0,1.0,COLINAS DEL CIMATARIO
400000.0,65.0,60.0,2.0,1.0,1.0,MISION DE CARRILLO
2157130.0,278.0,275.0,4.0,4.0,2.0,JURICA TOLIMAN
640000.0,110.0,98.0,3.0,3.0,2.0,JURICA PINAR
8900000.0,811.0,364.0,4.0,3.0,0.0,OBRERA
4113600.0,282.0,267.0,4.0,4.0,2.0,EL REFUGIO
1219702.0,120.0,102.0,3.0,1.0,1.0,EX-HACIENDA SANTANA
1300000.0,75.0,75.0,2.0,1.0,1.0,CORREGIDORA
1759602.0,150.0,130.0,3.0,2.0,2.0,MISION DE CONCA
1702000.0,90.0,90.0,3.0,2.0,2.0,EDUARDO LOARCA CASTILLO
8499000.0,442.0,300.0,4.0,5.0,0.0,JURIQUILLA
978000.0,120.0,100.0,3.0,2.0,2.0,EL MIRADOR
18950000.0,2200.0,750.0,4.0,4.0,10.0,JURIQUILLA
42500000.0,1500.0,1.0,4.0,4.0,4.0,EL CAMPANARIO
42500000.0,1500.0,1.0,4.0,4.0,4.0,EL CAMPANARIO
3100000.0,1202.0,209.0,3.0,3.0,5.0,EL REFUGIO
4550000.0,1000.0,600.0,3.0,4.0,5.0,REAL DEL MARQUES RESIDENCIAL
38000000.0,1250.0,759.0,4.0,4.0,4.0,EL CAMPANARIO
30000000.0,1275.0,827.0,4.0,4.0,3.0,SAN ISIDRO JURIQUILLA
19000000.0,80000.0,1.0,3.0,2.0,15.0,CENTRO
21760000.0,1360.0,480.0,4.0,4.0,0.0,EL CAMPANARIO
31980000.0,1137.0,900.0,4.0,6.0,6.0,JURIQUILLA
5950000.0,1250.0,600.0,3.0,3.0,11.0,EL REFUGIO
14500000.0,2200.0,600.0,4.0,6.0,0.0,JURIQUILLA
35000000.0,1113.0,790.0,6.0,8.0,8.0,JURIQUILLA
9300000.0,1000.0,350.0,3.0,3.0,0.0,CUMBRES DEL LAGO
28600000.0,1250.0,650.0,4.0,6.0,6.0,SONTERRA
8900000.0,1000.0,320.0,3.0,3.0,4.0,CORREGIDORA
13500000.0,1000.0,346.0,3.0,4.0,0.0,SANTA MARIA MAGDALENA
24900000.0,1000.0,675.0,4.0,6.0,6.0,EL REFUGIO
638927.0,1250.0,350.0,4.0,4.0,10.0,SANTIAGO
12650000.0,1000.0,850.0,4.0,4.0,4.0,JURIQUILLA
31700000.0,1230.0,0.0,3.0,4.0,4.0,EL SALITRE
23800000.0,1125.0,0.0,3.0,4.0,3.0,SAN FRANCISCO JURIQUILLA
21760000.0,1360.0,442.0,4.0,4.0,4.0,EL CAMPANARIO
29900000.0,1250.0,759.0,4.0,4.0,6.0,EL CAMPANARIO
18900000.0,2131.0,948.0,5.0,5.0,7.0,JURIQUILLA
9200000.0,1000.0,350.0,3.0,3.0,4.0,VILLAS DEL MESON
15000000.0,1170.0,800.0,4.0,5.0,5.0,REAL DE JURIQUILLA
761000.0,1000.0,250.0,3.0,3.0,7.0,CIMATARIO
9900000.0,1000.0,450.0,3.0,3.0,2.0,VILLAS DEL MESON
5000000.0,1056.0,453.0,3.0,3.0,1.0,FELIPE CARRILLO PUERTO
12000000.0,1000.0,420.0,3.0,5.0,6.0,CUMBRES DEL LAGO
21500000.0,1250.0,948.36,4.0,5.0,4.0,JURIQUILLA
12780000.0,1001.0,501.0,3.0,5.0,8.0,EL CAMPANARIO
10800000.0,1000.0,525.0,4.0,3.0,6.0,JURIQUILLA
29900000.0,1253.0,762.0,4.0,4.0,6.0,EL CAMPANARIO
9980000.0,1500.0,850.0,5.0,6.0,5.0,SANTA FE
59900000.0,1870.0,1281.0,4.0,4.0,3.0,MILENIO III
59900000.0,1870.0,1281.0,4.0,4.0,3.0,MILENIO III
5700000.0,32437.0,32437.0,3.0,3.0,4.0,FRAY JUNIPERO SERRA
30000000.0,2500.0,2300.0,4.0,9.0,10.0,JURIQUILLA
42800000.0,2542.0,1200.0,4.0,4.0,8.0,VILLAS DEL MESON
